,id,original_title,keywords,rating,Genre1,Genre2
1,862,Toy Story,"[{'id': 931, 'name': 'jealousy'}, {'id': 4290, 'name': 'toy'}, {'id': 5202, 'name': 'boy'}, {'id': 6054, 'name': 'friendship'}, {'id': 9713, 'name': 'friends'}, {'id': 9823, 'name': 'rivalry'}, {'id': 165503, 'name': 'boy next door'}, {'id': 170722, 'name': 'new toy'}, {'id': 187065, 'name': 'toy comes to life'}]",1,Animation,Comedy
2,8844,Jumanji,"[{'id': 10090, 'name': 'board game'}, {'id': 10941, 'name': 'disappearance'}, {'id': 15101, 'name': ""based on children's book""}, {'id': 33467, 'name': 'new home'}, {'id': 158086, 'name': 'recluse'}, {'id': 158091, 'name': 'giant insect'}]",1,Adventure,Fantasy
3,15602,Grumpier Old Men,"[{'id': 1495, 'name': 'fishing'}, {'id': 12392, 'name': 'best friend'}, {'id': 179431, 'name': 'duringcreditsstinger'}, {'id': 208510, 'name': 'old men'}]",0,Romance,Comedy
4,31357,Waiting to Exhale,"[{'id': 818, 'name': 'based on novel'}, {'id': 10131, 'name': 'interracial relationship'}, {'id': 14768, 'name': 'single mother'}, {'id': 15160, 'name': 'divorce'}, {'id': 33455, 'name': 'chick flick'}]",1,Comedy,Drama
5,11862,Father of the Bride Part II,"[{'id': 1009, 'name': 'baby'}, {'id': 1599, 'name': 'midlife crisis'}, {'id': 2246, 'name': 'confidence'}, {'id': 4995, 'name': 'aging'}, {'id': 5600, 'name': 'daughter'}, {'id': 10707, 'name': 'mother daughter relationship'}, {'id': 13149, 'name': 'pregnancy'}, {'id': 33358, 'name': 'contraception'}, {'id': 170521, 'name': 'gynecologist'}]",0,Comedy,NA
6,949,Heat,"[{'id': 642, 'name': 'robbery'}, {'id': 703, 'name': 'detective'}, {'id': 974, 'name': 'bank'}, {'id': 1523, 'name': 'obsession'}, {'id': 3713, 'name': 'chase'}, {'id': 7281, 'name': 'shooting'}, {'id': 9727, 'name': 'thief'}, {'id': 9812, 'name': 'honor'}, {'id': 9826, 'name': 'murder'}, {'id': 9937, 'name': 'suspense'}, {'id': 10051, 'name': 'heist'}, {'id': 10085, 'name': 'betrayal'}, {'id': 10594, 'name': 'money'}, {'id': 10726, 'name': 'gang'}, {'id': 15076, 'name': 'cat and mouse'}, {'id': 18023, 'name': 'criminal mastermind'}, {'id': 34117, 'name': 'cult film'}, {'id': 156121, 'name': 'ex-con'}, {'id': 159343, 'name': 'heist movie'}, {'id': 159434, 'name': 'one last job'}, {'id': 167104, 'name': 'loner'}, {'id': 192261, 'name': 'bank job'}, {'id': 207268, 'name': 'neo-noir'}, {'id': 208009, 'name': 'gun fight'}, {'id': 214983, 'name': 'crime epic'}]",0,Action,Crime
7,11860,Sabrina,"[{'id': 90, 'name': 'paris'}, {'id': 380, 'name': 'brother brother relationship'}, {'id': 2072, 'name': 'chauffeur'}, {'id': 9398, 'name': 'long island'}, {'id': 9492, 'name': 'fusion'}, {'id': 33626, 'name': 'millionaire'}]",1,Comedy,Romance
8,45325,Tom and Huck,[],0,Action,Adventure
9,9091,Sudden Death,"[{'id': 949, 'name': 'terrorist'}, {'id': 1562, 'name': 'hostage'}, {'id': 1653, 'name': 'explosive'}, {'id': 193533, 'name': 'vice president'}]",1,Action,Adventure
10,710,GoldenEye,"[{'id': 701, 'name': 'cuba'}, {'id': 769, 'name': 'falsely accused'}, {'id': 1308, 'name': 'secret identity'}, {'id': 2812, 'name': 'computer virus'}, {'id': 3268, 'name': 'secret base'}, {'id': 3272, 'name': 'secret intelligence service'}, {'id': 3278, 'name': 'kgb'}, {'id': 3376, 'name': 'satellite'}, {'id': 3531, 'name': 'special car'}, {'id': 3560, 'name': 'cossack'}, {'id': 3561, 'name': 'electromagnetic pulse'}, {'id': 3562, 'name': 'time bomb'}, {'id': 3563, 'name': 'st. petersburg russia'}, {'id': 3564, 'name': 'ejection seat'}, {'id': 193008, 'name': 'red army'}]",1,Adventure,Action
11,9087,The American President,"[{'id': 833, 'name': 'white house'}, {'id': 840, 'name': 'usa president'}, {'id': 1605, 'name': 'new love'}, {'id': 33476, 'name': 'widower'}, {'id': 211505, 'name': 'wildlife conservation'}]",1,Comedy,Drama
12,12110,Dracula: Dead and Loving It,"[{'id': 3633, 'name': 'dracula'}, {'id': 11931, 'name': 'spoof'}]",1,Comedy,Horror
13,21032,Balto,"[{'id': 1994, 'name': 'wolf'}, {'id': 6411, 'name': 'dog-sledding race'}, {'id': 9880, 'name': 'alaska'}, {'id': 15162, 'name': 'dog'}, {'id': 15169, 'name': 'goose'}, {'id': 158175, 'name': 'bear attack'}, {'id': 158370, 'name': 'dog sled'}, {'id': 158371, 'name': 'frozen lake'}]",0,Family,Animation
14,10858,Nixon,"[{'id': 840, 'name': 'usa president'}, {'id': 2946, 'name': 'presidential election'}, {'id': 4240, 'name': 'watergate scandal'}, {'id': 5565, 'name': 'biography'}, {'id': 6086, 'name': 'government'}, {'id': 6165, 'name': 'historical figure'}]",0,History,Drama
15,1408,Cutthroat Island,"[{'id': 911, 'name': 'exotic island'}, {'id': 1454, 'name': 'treasure'}, {'id': 1969, 'name': 'map'}, {'id': 3799, 'name': 'ship'}, {'id': 5470, 'name': 'scalp'}, {'id': 12988, 'name': 'pirate'}]",1,Action,Adventure
16,524,Casino,"[{'id': 383, 'name': 'poker'}, {'id': 726, 'name': 'drug abuse'}, {'id': 1228, 'name': '1970s'}, {'id': 2635, 'name': 'overdose'}, {'id': 33625, 'name': 'illegal prostitution'}]",0,Drama,Crime
17,4584,Sense and Sensibility,"[{'id': 420, 'name': 'bowling'}, {'id': 818, 'name': 'based on novel'}, {'id': 964, 'name': 'servant'}, {'id': 2755, 'name': 'country life'}, {'id': 7564, 'name': 'jane austen'}, {'id': 10911, 'name': 'inheritance'}, {'id': 11109, 'name': 'military officer'}, {'id': 15060, 'name': 'period drama'}, {'id': 156507, 'name': 'rainstorm'}, {'id': 156510, 'name': 'horse and carriage'}, {'id': 156512, 'name': 'decorum'}]",0,Drama,Romance
18,5,Four Rooms,"[{'id': 612, 'name': 'hotel'}, {'id': 613, 'name': ""new year's eve""}, {'id': 616, 'name': 'witch'}, {'id': 622, 'name': 'bet'}, {'id': 922, 'name': 'hotel room'}, {'id': 2700, 'name': 'sperm'}, {'id': 12670, 'name': 'los angeles'}, {'id': 160488, 'name': 'hoodlum'}, {'id': 187056, 'name': 'woman director'}, {'id': 198129, 'name': 'episode film'}]",0,Crime,Comedy
19,9273,Ace Ventura: When Nature Calls,"[{'id': 409, 'name': 'africa'}, {'id': 1551, 'name': 'indigenous'}, {'id': 2526, 'name': 'human animal relationship'}, {'id': 5155, 'name': 'bat'}]",0,Crime,Comedy
20,11517,Money Train,"[{'id': 380, 'name': 'brother brother relationship'}, {'id': 1552, 'name': 'subway'}, {'id': 14512, 'name': 'new york city'}, {'id': 155735, 'name': 'new york subway'}, {'id': 156120, 'name': 'train robbery'}]",1,Action,Comedy
21,8012,Get Shorty,"[{'id': 395, 'name': 'gambling'}, {'id': 416, 'name': 'miami'}, {'id': 818, 'name': 'based on novel'}, {'id': 8438, 'name': 'job'}, {'id': 9826, 'name': 'murder'}, {'id': 9935, 'name': 'travel'}, {'id': 10391, 'name': 'mafia'}, {'id': 10594, 'name': 'money'}, {'id': 11061, 'name': 'debt'}, {'id': 11578, 'name': 'mobster'}, {'id': 12094, 'name': 'business'}, {'id': 12396, 'name': 'hollywood'}, {'id': 13142, 'name': 'gangster'}, {'id': 14536, 'name': 'crime'}, {'id': 14819, 'name': 'violence'}, {'id': 14964, 'name': 'drug'}, {'id': 33879, 'name': 'producer'}, {'id': 159608, 'name': 'con'}]",1,Comedy,Thriller
22,1710,Copycat,"[{'id': 796, 'name': 'police brutality'}, {'id': 2800, 'name': 'psychology'}, {'id': 4668, 'name': 'police operation'}, {'id': 5430, 'name': 'police protection'}, {'id': 10714, 'name': 'serial killer'}, {'id': 11268, 'name': 'psychologist'}, {'id': 13001, 'name': 'cowardliness'}]",0,Drama,Thriller
23,9691,Assassins,"[{'id': 271, 'name': 'competition'}, {'id': 441, 'name': 'assassination'}, {'id': 591, 'name': 'cia'}, {'id': 974, 'name': 'bank'}, {'id': 977, 'name': 'cat'}, {'id': 1666, 'name': 'mexican standoff'}, {'id': 2350, 'name': 'seattle'}, {'id': 2708, 'name': 'hitman'}, {'id': 3045, 'name': 'mission of murder'}, {'id': 3979, 'name': 'hidden camera'}, {'id': 9823, 'name': 'rivalry'}, {'id': 10084, 'name': 'rescue'}, {'id': 10950, 'name': 'shootout'}, {'id': 11148, 'name': 'police chase'}, {'id': 12355, 'name': 'sniper rifle'}, {'id': 18107, 'name': 'silencer'}, {'id': 33456, 'name': 'double cross'}, {'id': 167861, 'name': 'caribbean'}, {'id': 178929, 'name': 'detroit michigan'}]",0,Action,Adventure
24,12665,Powder,"[{'id': 7345, 'name': 'dead animal'}, {'id': 11325, 'name': 'shot to death'}, {'id': 18068, 'name': 'teenage boy'}, {'id': 18320, 'name': 'held at gunpoint'}, {'id': 41355, 'name': 'teacher student relationship'}, {'id': 163531, 'name': 'albino'}, {'id': 163533, 'name': 'fainting'}, {'id': 163534, 'name': 'jacobs ladder'}, {'id': 163540, 'name': 'christ allegory'}, {'id': 163543, 'name': 'psionic power'}, {'id': 163545, 'name': 'healing power'}, {'id': 163552, 'name': 'looking pale'}, {'id': 163553, 'name': 'flickering light'}, {'id': 163558, 'name': 'extrasensory perception'}]",1,Drama,Fantasy
25,451,Leaving Las Vegas,"[{'id': 30, 'name': 'individual'}, {'id': 549, 'name': 'prostitute'}, {'id': 567, 'name': 'alcohol'}, {'id': 585, 'name': 'casino'}, {'id': 699, 'name': 'love at first sight'}, {'id': 725, 'name': 'lovesickness'}, {'id': 887, 'name': 'film producer'}, {'id': 888, 'name': 'screenwriter'}, {'id': 922, 'name': 'hotel room'}, {'id': 3737, 'name': 'dying and death'}, {'id': 3927, 'name': 'rage and hate'}, {'id': 6059, 'name': 'unsociability'}, {'id': 7464, 'name': 'alcoholism'}, {'id': 12670, 'name': 'los angeles'}, {'id': 15237, 'name': 'alcohol abuse'}, {'id': 155793, 'name': 'attempted suicide'}]",1,Drama,Romance
26,16420,Othello,"[{'id': 497, 'name': 'shakespeare'}, {'id': 931, 'name': 'jealousy'}, {'id': 9713, 'name': 'friends'}, {'id': 17982, 'name': 'moor'}]",0,Drama,NA
27,9263,Now and Then,"[{'id': 1228, 'name': '1970s'}, {'id': 5248, 'name': 'female friendship'}, {'id': 10683, 'name': 'coming of age'}, {'id': 170521, 'name': 'gynecologist'}, {'id': 170533, 'name': 'photocopier'}, {'id': 170539, 'name': 'truth or dare'}, {'id': 187056, 'name': 'woman director'}]",0,Comedy,Drama
28,17015,Persuasion,"[{'id': 1316, 'name': 'captain'}, {'id': 33384, 'name': 'napoleonic wars'}, {'id': 33386, 'name': 'old flame'}, {'id': 33388, 'name': 'admiral'}]",0,Drama,Romance
29,902,La Cité des Enfants Perdus,"[{'id': 402, 'name': 'clone'}, {'id': 1566, 'name': 'dream'}, {'id': 2041, 'name': 'island'}, {'id': 4484, 'name': 'eye'}, {'id': 4565, 'name': 'dystopia'}, {'id': 4995, 'name': 'aging'}, {'id': 6054, 'name': 'friendship'}, {'id': 10084, 'name': 'rescue'}, {'id': 10103, 'name': 'children'}, {'id': 14659, 'name': 'girl'}, {'id': 157955, 'name': 'childhood'}]",0,Fantasy,Science Fiction
30,37557,摇啊摇，摇到外婆桥,"[{'id': 964, 'name': 'servant'}, {'id': 2311, 'name': 'cabaret'}, {'id': 2682, 'name': 'shanghai'}, {'id': 2992, 'name': 'diva'}, {'id': 6464, 'name': 'uncle'}, {'id': 11869, 'name': 'mistress'}, {'id': 41277, 'name': 'umbrella'}]",0,Drama,Crime
31,9909,Dangerous Minds,"[{'id': 897, 'name': 'rap music'}, {'id': 3436, 'name': 'karate'}, {'id': 6270, 'name': 'high school'}, {'id': 6610, 'name': 'naval officer'}, {'id': 10508, 'name': 'teacher'}, {'id': 155582, 'name': 'amusement park'}]",0,Drama,Crime
32,63,Twelve Monkeys,"[{'id': 222, 'name': 'schizophrenia'}, {'id': 276, 'name': 'philadelphia'}, {'id': 277, 'name': 'cassandra syndrom'}, {'id': 278, 'name': 'stockholm syndrome'}, {'id': 4379, 'name': 'time travel'}, {'id': 4458, 'name': 'post-apocalyptic'}, {'id': 4565, 'name': 'dystopia'}, {'id': 14675, 'name': 'lethal virus'}, {'id': 15149, 'name': 'monkey'}, {'id': 162801, 'name': 'subterranean'}]",0,Science Fiction,Thriller
33,78802,"Guillaumet, les ailes du courage",[],0,Romance,Adventure
34,9598,Babe,"[{'id': 3020, 'name': 'sheep'}, {'id': 4931, 'name': 'pig'}, {'id': 5608, 'name': 'affection'}, {'id': 8082, 'name': 'piglet'}, {'id': 11115, 'name': 'heroism'}, {'id': 11477, 'name': 'talking animal'}, {'id': 18013, 'name': 'separation'}, {'id': 33671, 'name': 'german shepherd'}, {'id': 158019, 'name': 'grandson'}, {'id': 206052, 'name': 'talking pig'}]",1,Fantasy,Drama
35,47018,Carrington,"[{'id': 392, 'name': 'england'}, {'id': 437, 'name': 'painter'}, {'id': 8997, 'name': 'conscientious objector'}, {'id': 10183, 'name': 'independent film'}, {'id': 13065, 'name': 'soldier'}]",0,History,Drama
36,687,Dead Man Walking,"[{'id': 378, 'name': 'prison'}, {'id': 570, 'name': 'rape'}, {'id': 1952, 'name': 'socially deprived family'}, {'id': 2060, 'name': 'penalty'}, {'id': 2122, 'name': 'death penalty'}, {'id': 2300, 'name': 'despair'}, {'id': 2501, 'name': 'death row'}, {'id': 2538, 'name': 'begnadigung'}, {'id': 2726, 'name': 'therapist'}, {'id': 2796, 'name': 'self-discovery'}, {'id': 2885, 'name': 'prison cell'}, {'id': 3012, 'name': 'court case'}, {'id': 3437, 'name': 'death sentence'}, {'id': 3440, 'name': 'doomed man'}, {'id': 3441, 'name': 'sentence'}, {'id': 3442, 'name': 'lethal injection'}, {'id': 3446, 'name': 'forgiveness'}, {'id': 3447, 'name': 'charity'}, {'id': 3448, 'name': 'mercy petition'}, {'id': 3927, 'name': 'rage and hate'}, {'id': 6059, 'name': 'unsociability'}, {'id': 6145, 'name': 'right and justice'}, {'id': 6148, 'name': 'court'}, {'id': 11263, 'name': 'electric chair'}, {'id': 13001, 'name': 'cowardliness'}]",0,Drama,NA
37,139405,Across the Sea of Time,[],0,Adventure,History
38,33689,It Takes Two,"[{'id': 13014, 'name': 'orphan'}, {'id': 204353, 'name': 'identical twin'}]",1,Comedy,Family
39,9603,Clueless,"[{'id': 1525, 'name': 'puberty'}, {'id': 6270, 'name': 'high school'}, {'id': 6664, 'name': 'make a match'}, {'id': 7208, 'name': 'spoiled child'}, {'id': 10199, 'name': 'gay interest'}, {'id': 11933, 'name': 'conflict'}, {'id': 187056, 'name': 'woman director'}]",1,Comedy,Drama
40,34615,"Cry, the Beloved Country","[{'id': 3644, 'name': 'south africa'}]",0,Drama,NA
41,31174,Richard III,"[{'id': 392, 'name': 'england'}, {'id': 497, 'name': 'shakespeare'}, {'id': 1930, 'name': 'kidnapping'}, {'id': 9826, 'name': 'murder'}, {'id': 13084, 'name': 'king'}]",0,Drama,War
42,11443,Dead Presidents,"[{'id': 10594, 'name': 'money'}, {'id': 11254, 'name': 'loss of virginity'}, {'id': 159640, 'name': 'hiding in a dumpster'}, {'id': 159643, 'name': 'mercy killing'}, {'id': 159660, 'name': 'armored truck'}, {'id': 159661, 'name': 'crushed by a car'}]",0,Action,Crime
43,35196,Restoration,"[{'id': 931, 'name': 'jealousy'}, {'id': 1279, 'name': 'medicine'}, {'id': 2098, 'name': 'fountain'}, {'id': 6148, 'name': 'court'}, {'id': 10329, 'name': 'wealth'}, {'id': 44448, 'name': 'spaniel'}, {'id': 44449, 'name': 'gloves'}]",0,Drama,Romance
44,9312,Mortal Kombat,"[{'id': 779, 'name': 'martial arts'}, {'id': 1299, 'name': 'monster'}, {'id': 2041, 'name': 'island'}, {'id': 10292, 'name': 'gore'}, {'id': 10821, 'name': 'sorcerer'}, {'id': 12380, 'name': 'tournament'}, {'id': 14819, 'name': 'violence'}, {'id': 41645, 'name': 'based on video game'}, {'id': 188955, 'name': 'hand to hand combat'}]",1,Action,Fantasy
45,577,To Die For,"[{'id': 596, 'name': 'adultery'}, {'id': 1442, 'name': 'winter'}, {'id': 1523, 'name': 'obsession'}, {'id': 2136, 'name': 'television'}, {'id': 6018, 'name': 'new hampshire'}, {'id': 208477, 'name': 'narcissistic personality disorder'}]",1,Fantasy,Drama
46,11861,How To Make An American Quilt,"[{'id': 1334, 'name': 'wedding vows'}, {'id': 1459, 'name': 'marriage proposal'}, {'id': 2587, 'name': 'married couple'}, {'id': 5773, 'name': 'monogamy'}, {'id': 5999, 'name': 'advice'}, {'id': 6038, 'name': 'marriage'}, {'id': 9470, 'name': 'quilt'}, {'id': 9673, 'name': 'love'}, {'id': 33694, 'name': 'family holiday'}, {'id': 34094, 'name': 'extramarital affair'}, {'id': 164039, 'name': 'grandmother'}, {'id': 187056, 'name': 'woman director'}]",0,Drama,Romance
47,807,Se7en,"[{'id': 476, 'name': 'self-fulfilling prophecy'}, {'id': 703, 'name': 'detective'}, {'id': 1470, 'name': 's.w.a.t.'}, {'id': 2231, 'name': 'drug dealer'}, {'id': 3597, 'name': 'evisceration'}, {'id': 3857, 'name': 'lust and impulsiveness'}, {'id': 3927, 'name': 'rage and hate'}, {'id': 3932, 'name': 'pride and vanity'}, {'id': 4138, 'name': 'immoderateness'}, {'id': 4142, 'name': 'insomnia'}, {'id': 5340, 'name': 'investigation'}, {'id': 6125, 'name': 'pension'}, {'id': 6149, 'name': 'police'}, {'id': 10714, 'name': 'serial killer'}]",0,Crime,Mystery
48,10530,Pocahontas,"[{'id': 1463, 'name': 'culture clash'}, {'id': 3591, 'name': 'settler'}, {'id': 3691, 'name': 'forbidden love'}, {'id': 4090, 'name': 'colony'}, {'id': 4344, 'name': 'musical'}, {'id': 4542, 'name': 'gold rush'}, {'id': 7376, 'name': 'princess'}, {'id': 9840, 'name': 'romance'}, {'id': 10322, 'name': 'native american'}, {'id': 10336, 'name': 'animation'}, {'id': 160977, 'name': 'virginia'}, {'id': 165086, 'name': 'star crossed lovers'}, {'id': 173808, 'name': 'reference to pizarro'}, {'id': 173811, 'name': 'jamestown virginia'}, {'id': 173815, 'name': 'pug dog'}, {'id': 173823, 'name': 'cross cultural relationship'}, {'id': 173824, 'name': 'musket'}, {'id': 173825, 'name': 'animate tree'}, {'id': 180217, 'name': 'indian chief'}, {'id': 185343, 'name': 'based on myths or folklore'}, {'id': 207941, 'name': '17th century'}, {'id': 208426, 'name': 'shamanism'}, {'id': 225547, 'name': 'songs'}, {'id': 230456, 'name': 'indians vs. settlers'}, {'id': 234183, 'name': 'animal sidekick'}, {'id': 234184, 'name': 'powhatan'}, {'id': 234185, 'name': 'land claim'}]",0,Adventure,Animation
49,8391,When Night Is Falling,"[{'id': 1992, 'name': 'professor'}, {'id': 158718, 'name': 'lgbt'}, {'id': 187056, 'name': 'woman director'}]",0,Drama,Romance
50,629,The Usual Suspects,"[{'id': 3703, 'name': 'law'}, {'id': 5493, 'name': 'relatives'}, {'id': 14604, 'name': 'theft'}, {'id': 15009, 'name': 'criminal'}, {'id': 18023, 'name': 'criminal mastermind'}, {'id': 18024, 'name': 'hungarian'}, {'id': 18027, 'name': 'sibling'}]",0,Drama,Crime
51,117164,Guardian Angel,[],0,Action,Thriller
52,11448,Mighty Aphrodite,"[{'id': 549, 'name': 'prostitute'}, {'id': 2393, 'name': 'adoption'}, {'id': 4130, 'name': 'adoptive father'}, {'id': 5885, 'name': 'childlessness'}, {'id': 6230, 'name': 'looking for  birth parents'}, {'id': 8018, 'name': 'adoptive mother'}, {'id': 10183, 'name': 'independent film'}, {'id': 33625, 'name': 'illegal prostitution'}, {'id': 208349, 'name': 'child'}]",1,Comedy,Romance
53,49133,Lamerica,"[{'id': 10183, 'name': 'independent film'}]",0,Drama,Foreign
54,26441,The Big Green,"[{'id': 6075, 'name': 'sport'}, {'id': 9963, 'name': 'kids and family'}, {'id': 13042, 'name': 'soccer'}, {'id': 187056, 'name': 'woman director'}]",0,Action,Adventure
55,97406,Georgia,"[{'id': 567, 'name': 'alcohol'}, {'id': 2679, 'name': 'artist'}, {'id': 6027, 'name': 'music'}, {'id': 14964, 'name': 'drug'}, {'id': 33624, 'name': 'band'}]",0,Drama,NA
56,9089,Home for the Holidays,"[{'id': 2672, 'name': 'baltimore'}, {'id': 4543, 'name': 'thanksgiving'}, {'id': 7629, 'name': 'family clan'}, {'id': 155294, 'name': 'family conflict'}, {'id': 171760, 'name': 'generations conflict'}, {'id': 187056, 'name': 'woman director'}]",1,Comedy,Drama
57,11010,Il postino,"[{'id': 2041, 'name': 'island'}, {'id': 3344, 'name': 'letter'}, {'id': 4461, 'name': 'postman'}, {'id': 5420, 'name': 'fisherman'}, {'id': 5933, 'name': 'poet'}]",1,Comedy,Drama
58,99040,Le confessionnal,[],0,Thriller,Drama
59,11359,The Indian in the Cupboard,"[{'id': 1990, 'name': 'cupboard'}, {'id': 6186, 'name': 'games'}, {'id': 6300, 'name': 'puppet'}, {'id': 33465, 'name': 'parallel world'}, {'id': 187065, 'name': 'toy comes to life'}]",0,Adventure,Family
60,17182,Eye for an Eye,"[{'id': 570, 'name': 'rape'}, {'id': 1419, 'name': 'gun'}, {'id': 2801, 'name': 'self-defense'}, {'id': 204959, 'name': 'grieving parents'}]",0,Drama,Thriller
61,2054,Mr. Holland's Opus,"[{'id': 1233, 'name': 'composer'}, {'id': 1310, 'name': 'mentor'}, {'id': 1635, 'name': 'deaf-mute'}, {'id': 4344, 'name': 'musical'}, {'id': 4488, 'name': 'apprentice'}, {'id': 5289, 'name': 'private life'}, {'id': 6027, 'name': 'music'}, {'id': 158558, 'name': 'disabled'}]",0,Music,Drama
62,10607,Don't Be a Menace to South Central While Drinking Your Juice in the Hood,"[{'id': 248, 'name': 'date'}, {'id': 398, 'name': 'slang'}, {'id': 898, 'name': 'hip-hop'}, {'id': 4438, 'name': 'cousin'}, {'id': 9755, 'name': 'parody'}, {'id': 10700, 'name': 'hood'}, {'id': 10726, 'name': 'gang'}, {'id': 11514, 'name': 'social satire'}, {'id': 12425, 'name': 'racism'}, {'id': 13142, 'name': 'gangster'}]",1,Comedy,NA
63,19760,Two If by Sea,"[{'id': 2041, 'name': 'island'}, {'id': 5918, 'name': 'painting'}, {'id': 9727, 'name': 'thief'}, {'id': 167868, 'name': 'seasickness'}]",1,Comedy,Romance
64,9536,Bio-Dome,"[{'id': 4166, 'name': 'biotope'}, {'id': 4459, 'name': 'vegetarian'}, {'id': 6305, 'name': 'pollution'}]",1,Comedy,NA
65,11525,Lawnmower Man 2: Beyond Cyberspace,"[{'id': 2157, 'name': 'hacker'}, {'id': 4563, 'name': 'virtual reality'}, {'id': 6104, 'name': 'computer'}, {'id': 9725, 'name': 'sword fight'}]",0,Action,Science Fiction
66,34996,The Addiction,"[{'id': 242, 'name': 'new york'}, {'id': 490, 'name': 'philosophy'}, {'id': 3133, 'name': 'vampire'}, {'id': 11221, 'name': 'blood'}, {'id': 12105, 'name': 'student'}, {'id': 14819, 'name': 'violence'}]",0,Drama,Horror
67,414,Batman Forever,"[{'id': 483, 'name': 'riddle'}, {'id': 849, 'name': 'dc comics'}, {'id': 3259, 'name': 'rose'}, {'id': 6969, 'name': 'gotham city'}, {'id': 9104, 'name': 'partner'}, {'id': 9715, 'name': 'superhero'}, {'id': 10486, 'name': 'robin'}, {'id': 10525, 'name': 'broken neck'}, {'id': 11268, 'name': 'psychologist'}, {'id': 14819, 'name': 'violence'}, {'id': 15009, 'name': 'criminal'}, {'id': 33518, 'name': 'district attorney'}, {'id': 33626, 'name': 'millionaire'}, {'id': 33981, 'name': 'falling down stairs'}, {'id': 34156, 'name': 'tied up'}, {'id': 156116, 'name': 'tommy gun'}, {'id': 157166, 'name': 'beretta'}, {'id': 157583, 'name': 'knocked out'}, {'id': 163455, 'name': 'super powers'}, {'id': 170383, 'name': 'disfigurement'}, {'id': 170652, 'name': 'father figure'}]",0,Action,Crime
68,649,Belle de jour,"[{'id': 549, 'name': 'prostitute'}, {'id': 596, 'name': 'adultery'}, {'id': 848, 'name': 'double life'}, {'id': 851, 'name': 'dual identity'}, {'id': 931, 'name': 'jealousy'}, {'id': 1157, 'name': 'wife husband relationship'}, {'id': 1411, 'name': 'brothel'}, {'id': 1566, 'name': 'dream'}, {'id': 2316, 'name': ""women's sexual identity""}, {'id': 2486, 'name': 'fantasy'}, {'id': 3260, 'name': 'masochism'}, {'id': 10183, 'name': 'independent film'}]",0,Drama,Romance
69,1873,Beyond Rangoon,"[{'id': 5499, 'name': 'burma'}, {'id': 5855, 'name': 'rangoon'}, {'id': 13005, 'name': 'doctor'}]",1,Drama,Thriller
70,5894,Blue in the Face,"[{'id': 919, 'name': 'smoking'}, {'id': 1901, 'name': 'corner shop'}, {'id': 3170, 'name': 'cigarette'}, {'id': 6357, 'name': 'tobacco'}, {'id': 6458, 'name': 'cigar'}, {'id': 10183, 'name': 'independent film'}]",1,Comedy,NA
71,1775,Canadian Bacon,[],0,Action,Comedy
72,8839,Casper,"[{'id': 3335, 'name': 'halloween'}, {'id': 6054, 'name': 'friendship'}, {'id': 6152, 'name': 'supernatural'}, {'id': 6155, 'name': 'afterlife'}, {'id': 9713, 'name': 'friends'}, {'id': 15017, 'name': 'danger'}, {'id': 162846, 'name': 'ghost'}, {'id': 189449, 'name': 'disorder'}, {'id': 193545, 'name': 'young heroes'}, {'id': 202322, 'name': 'imaginary'}, {'id': 206813, 'name': 'supernatural ability'}, {'id': 206834, 'name': 'mischievous children'}]",1,Fantasy,Comedy
73,20649,Clockers,"[{'id': 11505, 'name': 'drug pusher'}, {'id': 13008, 'name': 'train'}, {'id': 14964, 'name': 'drug'}, {'id': 18026, 'name': 'drug lord'}]",0,Mystery,Crime
74,10329,Congo,"[{'id': 690, 'name': 'gorilla'}, {'id': 2521, 'name': 'kongo'}, {'id': 3379, 'name': 'diamond mine'}, {'id': 33461, 'name': 'diamond'}]",0,Action,Adventure
75,8963,Crimson Tide,"[{'id': 339, 'name': 'submarine'}, {'id': 1860, 'name': 'mutiny'}, {'id': 2139, 'name': 'russia'}, {'id': 2534, 'name': 'missile'}, {'id': 3312, 'name': 'nuclear missile'}, {'id': 4123, 'name': 'embassy'}, {'id': 4410, 'name': 'u.s. navy'}, {'id': 4933, 'name': 'battle for power'}, {'id': 6791, 'name': 'torpedo'}, {'id': 162365, 'name': 'military'}, {'id': 198423, 'name': 'moral dilemma'}, {'id': 217133, 'name': 'post cold war'}, {'id': 221092, 'name': 'aircraft carrier'}, {'id': 226740, 'name': 'chain of command'}, {'id': 226741, 'name': 'launch code'}, {'id': 226742, 'name': 'sonar'}]",0,Action,Thriller
76,26564,Crumb,"[{'id': 1353, 'name': 'underground'}, {'id': 5565, 'name': 'biography'}, {'id': 14893, 'name': 'art'}]",0,Documentary,NA
77,8068,Desperado,"[{'id': 75, 'name': 'gunslinger'}, {'id': 139, 'name': 'anti terror'}, {'id': 502, 'name': 'ambush'}, {'id': 534, 'name': 'mexico'}, {'id': 797, 'name': 'showdown'}, {'id': 953, 'name': 'guitar'}, {'id': 2483, 'name': 'nudity'}, {'id': 2708, 'name': 'hitman'}, {'id': 3458, 'name': 'bartender'}, {'id': 9748, 'name': 'revenge'}, {'id': 10044, 'name': 'tragic hero'}, {'id': 10950, 'name': 'shootout'}, {'id': 14575, 'name': 'mariachi'}, {'id': 14601, 'name': 'explosion'}, {'id': 14687, 'name': 'extreme violence'}, {'id': 14707, 'name': 'brutality'}, {'id': 18026, 'name': 'drug lord'}, {'id': 41372, 'name': 'leg brace'}, {'id': 154889, 'name': 'concealed weapon'}, {'id': 187844, 'name': 'flashback'}, {'id': 226790, 'name': 'bookstore'}]",0,Thriller,Action
78,8512,Devil in a Blue Dress,"[{'id': 5823, 'name': 'jazz club'}, {'id': 9826, 'name': 'murder'}, {'id': 12670, 'name': 'los angeles'}, {'id': 155790, 'name': 'private detective'}, {'id': 195402, 'name': 'film noir'}, {'id': 207268, 'name': 'neo-noir'}]",1,Drama,Mystery
79,1572,Die Hard: With a Vengeance,"[{'id': 258, 'name': 'bomb'}, {'id': 444, 'name': 'taxi'}, {'id': 483, 'name': 'riddle'}, {'id': 642, 'name': 'robbery'}, {'id': 703, 'name': 'detective'}, {'id': 720, 'name': 'helicopter'}, {'id': 1321, 'name': 'gold'}, {'id': 1552, 'name': 'subway'}, {'id': 3799, 'name': 'ship'}, {'id': 5572, 'name': 'fistfight'}, {'id': 6149, 'name': 'police'}, {'id': 9663, 'name': 'sequel'}, {'id': 9758, 'name': 'deception'}, {'id': 10950, 'name': 'shootout'}, {'id': 14512, 'name': 'new york city'}, {'id': 14601, 'name': 'explosion'}, {'id': 14819, 'name': 'violence'}, {'id': 15483, 'name': 'car chase'}, {'id': 18525, 'name': 'fbi agent'}, {'id': 177309, 'name': 'simon says'}, {'id': 187844, 'name': 'flashback'}, {'id': 188329, 'name': 'dump truck'}, {'id': 192707, 'name': 'aqueduct'}, {'id': 219404, 'name': 'action hero'}, {'id': 226838, 'name': 'federal reserve bank'}]",0,Action,Thriller
80,13552,The Doom Generation,"[{'id': 572, 'name': 'sex'}, {'id': 1664, 'name': 'eroticism'}, {'id': 2483, 'name': 'nudity'}, {'id': 2652, 'name': 'nazis'}, {'id': 9937, 'name': 'suspense'}, {'id': 13017, 'name': 'drifter'}, {'id': 180340, 'name': 'voyeur'}]",0,Action,Comedy
81,259209,Feast of July,[],1,Drama,Crime
82,6520,First Knight,"[{'id': 3966, 'name': 'camelot'}, {'id': 10466, 'name': 'knight'}, {'id': 10982, 'name': 'king arthur'}, {'id': 177128, 'name': 'excalibur'}, {'id': 177129, 'name': 'knights of the round table'}]",0,Action,Adventure
83,9073,Free Willy 2 - The Adventure Home,"[{'id': 2526, 'name': 'human animal relationship'}, {'id': 4676, 'name': 'whale'}, {'id': 155529, 'name': 'killer whale'}]",1,Adventure,NA
84,10428,Hackers,"[{'id': 293, 'name': 'female nudity'}, {'id': 2157, 'name': 'hacker'}, {'id': 2483, 'name': 'nudity'}, {'id': 2812, 'name': 'computer virus'}, {'id': 4563, 'name': 'virtual reality'}, {'id': 6104, 'name': 'computer'}, {'id': 9835, 'name': 'sexual fantasy'}, {'id': 9864, 'name': 'prank'}, {'id': 11615, 'name': 'internet'}, {'id': 12190, 'name': 'cyberpunk'}, {'id': 13130, 'name': 'teenager'}, {'id': 14512, 'name': 'new york city'}, {'id': 41249, 'name': 'secret service'}, {'id': 155555, 'name': 'computer hacker'}, {'id': 160840, 'name': 'dream sequence'}]",0,Action,Crime
85,17447,Jeffrey,"[{'id': 237, 'name': 'gay'}, {'id': 740, 'name': 'aids'}, {'id': 10181, 'name': 'based on play or musical'}, {'id': 165770, 'name': 'hiv positive'}]",0,Comedy,Drama
86,9886,Johnny Mnemonic,"[{'id': 2588, 'name': 'brain'}, {'id': 3321, 'name': 'childhood memory'}, {'id': 4565, 'name': 'dystopia'}, {'id': 6135, 'name': 'pharmaceutical industry'}, {'id': 6566, 'name': 'computer chip'}, {'id': 8662, 'name': 'courier'}, {'id': 10919, 'name': 'cyber'}, {'id': 12190, 'name': 'cyberpunk'}]",0,Adventure,Action
87,9482,Judge Dredd,"[{'id': 934, 'name': 'judge'}, {'id': 4458, 'name': 'post-apocalyptic'}, {'id': 4565, 'name': 'dystopia'}, {'id': 9717, 'name': 'based on comic'}, {'id': 15090, 'name': 'police officer'}, {'id': 18712, 'name': 'based on graphic novel'}, {'id': 160159, 'name': 'frame up'}, {'id': 162988, 'name': 'dystopic future'}, {'id': 180172, 'name': 'framed for murder'}, {'id': 182703, 'name': 'gene'}, {'id': 182706, 'name': 'prosthetic limb'}, {'id': 182709, 'name': 'post holocaust'}, {'id': 182711, 'name': 'dna testing'}, {'id': 203165, 'name': 'dredd'}, {'id': 236590, 'name': '2000 ad'}]",0,Science Fiction,NA
88,19326,Jury Duty,"[{'id': 6593, 'name': 'stripper'}, {'id': 8881, 'name': 'jury'}, {'id': 9465, 'name': 'jurist'}, {'id': 10183, 'name': 'independent film'}, {'id': 10639, 'name': 'jury duty'}, {'id': 10640, 'name': 'verdict'}]",1,Comedy,Drama
89,9344,Kids,"[{'id': 1525, 'name': 'puberty'}, {'id': 2201, 'name': 'first time'}]",0,Drama,Crime
90,9071,Living in Oblivion,"[{'id': 1388, 'name': 'cinema'}, {'id': 10183, 'name': 'independent film'}, {'id': 11614, 'name': 'filmmaker'}]",1,Drama,Comedy
91,8973,Lord of Illusions,"[{'id': 3419, 'name': 'fanatic'}, {'id': 6152, 'name': 'supernatural'}, {'id': 6333, 'name': 'wizardry'}, {'id': 6506, 'name': 'resurrection'}, {'id': 173162, 'name': 'sect'}, {'id': 221387, 'name': 'occultism'}]",0,Mystery,Horror
92,139408,The Stars Fell on Henrietta,"[{'id': 1946, 'name': 'restaurant'}, {'id': 10590, 'name': 'oil'}, {'id': 11004, 'name': 'rural setting'}]",1,Drama,NA
93,281,Strange Days,"[{'id': 445, 'name': 'pornography'}, {'id': 549, 'name': 'prostitute'}, {'id': 570, 'name': 'rape'}, {'id': 796, 'name': 'police brutality'}, {'id': 1566, 'name': 'dream'}, {'id': 1595, 'name': 'ex-girlfriend'}, {'id': 2964, 'name': 'future'}, {'id': 3088, 'name': 'bodyguard'}, {'id': 4562, 'name': 'rapper'}, {'id': 4563, 'name': 'virtual reality'}, {'id': 4565, 'name': 'dystopia'}, {'id': 4566, 'name': 'minidisc'}, {'id': 6149, 'name': 'police'}, {'id': 8440, 'name': 'ex-cop'}, {'id': 9826, 'name': 'murder'}, {'id': 12190, 'name': 'cyberpunk'}, {'id': 12670, 'name': 'los angeles'}, {'id': 14819, 'name': 'violence'}, {'id': 15009, 'name': 'criminal'}, {'id': 155790, 'name': 'private detective'}, {'id': 162845, 'name': 'revolt'}, {'id': 187056, 'name': 'woman director'}]",0,Crime,Drama
94,5967,Les parapluies de Cherbourg,"[{'id': 3296, 'name': 'car mechanic'}, {'id': 3344, 'name': 'letter'}, {'id': 4344, 'name': 'musical'}, {'id': 6091, 'name': 'war'}, {'id': 9457, 'name': 'single'}]",0,Drama,Romance
95,79593,The Tie That Binds,[],0,Thriller,NA
96,47939,Three Wishes,"[{'id': 1480, 'name': 'baseball'}, {'id': 13017, 'name': 'drifter'}, {'id': 15162, 'name': 'dog'}, {'id': 158534, 'name': 'korean war'}, {'id': 187056, 'name': 'woman director'}]",0,Drama,Fantasy
97,36834,Total Eclipse,"[{'id': 1310, 'name': 'mentor'}, {'id': 5933, 'name': 'poet'}, {'id': 187056, 'name': 'woman director'}]",0,Drama,Romance
98,2074,Flirting with Disaster,"[{'id': 5498, 'name': 'lsd'}, {'id': 6230, 'name': 'looking for  birth parents'}, {'id': 6231, 'name': 'half-brother'}, {'id': 10183, 'name': 'independent film'}]",1,Comedy,Romance
99,27793,The NeverEnding Story III,"[{'id': 334, 'name': 'flying'}, {'id': 2343, 'name': 'magic'}]",1,Fantasy,NA
100,44284,صمت القصور,"[{'id': 187056, 'name': 'woman director'}]",0,Drama,NA
101,110972,Pie in the Sky,[],1,Comedy,Romance
102,32622,Angela,"[{'id': 10183, 'name': 'independent film'}, {'id': 187056, 'name': 'woman director'}]",1,Comedy,Drama
103,73067,Frankie Starlight,"[{'id': 5202, 'name': 'boy'}, {'id': 13028, 'name': 'writer'}, {'id': 14985, 'name': 'ireland'}, {'id': 187844, 'name': 'flashback'}, {'id': 208501, 'name': 'troop ship'}]",0,Drama,Romance
104,11863,Jade,"[{'id': 550, 'name': 'callgirl'}, {'id': 582, 'name': 'san francisco'}, {'id': 5340, 'name': 'investigation'}, {'id': 9826, 'name': 'murder'}]",0,Action,Thriller
105,55475,Nueba Yol,"[{'id': 242, 'name': 'new york'}, {'id': 1625, 'name': 'emigration'}, {'id': 190019, 'name': 'dominican republic'}]",1,Comedy,Drama
106,124636,Sonic Outlaws,[],0,Music,Documentary
107,9101,Down Periscope,"[{'id': 339, 'name': 'submarine'}, {'id': 4410, 'name': 'u.s. navy'}, {'id': 9789, 'name': 'misfit'}]",1,Comedy,NA
108,123360,From the Journals of Jean Seberg,"[{'id': 5565, 'name': 'biography'}]",0,Documentary,NA
109,5757,Man of the Year,"[{'id': 10180, 'name': 'homosexuality'}, {'id': 10183, 'name': 'independent film'}, {'id': 11800, 'name': 'mockumentary'}]",1,Comedy,NA
110,39428,The Neon Bible,"[{'id': 531, 'name': 'southern usa'}, {'id': 818, 'name': 'based on novel'}, {'id': 10229, 'name': 'singer'}, {'id': 207981, 'name': 'south'}]",0,Drama,NA
111,9302,Up Close & Personal,"[{'id': 238179, 'name': 'skab under tv'}, {'id': 238241, 'name': 'foran'}, {'id': 238242, 'name': 'nederste hylde'}]",0,Drama,Romance
112,11000,The Birdcage,"[{'id': 237, 'name': 'gay'}, {'id': 824, 'name': 'drag queen'}, {'id': 1013, 'name': 'homophobia'}, {'id': 1196, 'name': 'florida'}, {'id': 1862, 'name': 'coming out'}, {'id': 2944, 'name': 'senator'}, {'id': 6083, 'name': 'politician'}, {'id': 158718, 'name': 'lgbt'}, {'id': 201554, 'name': 'crossdressing'}, {'id': 210608, 'name': '1990s'}]",1,Comedy,NA
113,249882,Gospa,"[{'id': 1262, 'name': 'mountain'}, {'id': 2618, 'name': 'miracle'}, {'id': 10164, 'name': 'apparition'}, {'id': 173644, 'name': 'communism'}, {'id': 178611, 'name': 'virgin mary'}]",0,Drama,NA
114,16388,The Brothers McMullen,"[{'id': 9673, 'name': 'love'}, {'id': 10183, 'name': 'independent film'}, {'id': 12392, 'name': 'best friend'}, {'id': 188993, 'name': 'true love'}, {'id': 208725, 'name': 'irish catholic'}]",1,Comedy,Drama
115,9737,Bad Boys,"[{'id': 416, 'name': 'miami'}, {'id': 703, 'name': 'detective'}, {'id': 772, 'name': 'handcuffs'}, {'id': 822, 'name': 'airport'}, {'id': 1666, 'name': 'mexican standoff'}, {'id': 3688, 'name': 'strip club'}, {'id': 4009, 'name': 'witness protection'}, {'id': 9844, 'name': 'car crash'}, {'id': 11730, 'name': 'internal affairs'}, {'id': 12371, 'name': 'gunfight'}, {'id': 14601, 'name': 'explosion'}, {'id': 14707, 'name': 'brutality'}, {'id': 14967, 'name': 'foot chase'}, {'id': 15483, 'name': 'car chase'}, {'id': 18026, 'name': 'drug lord'}, {'id': 166856, 'name': 'hangar'}, {'id': 167114, 'name': 'loose cannon'}, {'id': 167115, 'name': 'bust'}, {'id': 167119, 'name': 'reference to skittles'}, {'id': 167124, 'name': 'black cop'}, {'id': 167128, 'name': 'badge'}, {'id': 219404, 'name': 'action hero'}, {'id': 226376, 'name': 'corrupt cop'}]",0,Action,Comedy
116,30765,The Amazing Panda Adventure,"[{'id': 478, 'name': 'china'}, {'id': 8531, 'name': 'panda'}, {'id': 8723, 'name': 'poacher'}]",0,Action,Adventure
117,10474,The Basketball Diaries,"[{'id': 6075, 'name': 'sport'}, {'id': 6496, 'name': 'basketball'}, {'id': 6782, 'name': 'addiction'}, {'id': 9713, 'name': 'friends'}, {'id': 14964, 'name': 'drug'}]",0,Drama,Crime
118,22279,An Awfully Big Adventure,"[{'id': 392, 'name': 'england'}, {'id': 818, 'name': 'based on novel'}, {'id': 6344, 'name': 'liverpool'}, {'id': 206032, 'name': 'theatre company'}, {'id': 207883, 'name': '1940s'}]",0,Romance,Drama
119,30157,Amateur,"[{'id': 10183, 'name': 'independent film'}]",0,Crime,Comedy
120,568,Apollo 13,"[{'id': 305, 'name': 'moon'}, {'id': 1196, 'name': 'florida'}, {'id': 1432, 'name': 'nasa'}, {'id': 2345, 'name': 'spaceman'}, {'id': 4776, 'name': 'race against time'}, {'id': 9609, 'name': 'houston'}, {'id': 9672, 'name': 'based on true story'}, {'id': 9882, 'name': 'space'}, {'id': 10084, 'name': 'rescue'}, {'id': 10349, 'name': 'survival'}, {'id': 10617, 'name': 'disaster'}, {'id': 14601, 'name': 'explosion'}, {'id': 14626, 'name': 'astronaut'}, {'id': 156395, 'name': 'imax'}, {'id': 184994, 'name': 'saturn v rocket'}, {'id': 189098, 'name': 'courage'}, {'id': 193479, 'name': 'hypothermia'}, {'id': 226233, 'name': 'apollo program'}, {'id': 226234, 'name': 'cape kennedy'}, {'id': 226235, 'name': 'lunar mission'}, {'id': 226236, 'name': 'spacecraft accident'}]",0,Drama,NA
121,11780,Rob Roy,"[{'id': 388, 'name': 'scotland'}, {'id': 5565, 'name': 'biography'}, {'id': 160279, 'name': '18th century'}, {'id': 208070, 'name': 'highlands'}, {'id': 220446, 'name': 'violent man'}]",1,Adventure,NA